{"cameraMode":{"drawMode":0,"name":"Shaded","section":"Shading Mode"},"sceneLighting":true,"audioPlay":false,"sceneViewState":{"showFog":true,"showMaterialUpdate":true,"showSkybox":true,"showFlares":true,"showImageEffects":true,"showParticleSystems":true},"in2DMode":false,"pivot":{"x":-7.2798919677734379,"y":3.303034782409668,"z":3.6853480339050295},"rotation":{"x":0.1942148059606552,"y":0.6721838116645813,"z":-0.18953266739845277,"w":0.6888963580131531},"size":4.9664177894592289,"orthographic":false}