{"cameraMode":{"drawMode":0,"name":"Shaded","section":"Shading Mode"},"sceneLighting":false,"audioPlay":false,"sceneViewState":{"showFog":true,"showMaterialUpdate":true,"showSkybox":false,"showFlares":true,"showImageEffects":true,"showParticleSystems":true},"in2DMode":false,"pivot":{"x":0.45484137535095217,"y":0.7905555963516235,"z":-0.13337016105651856},"rotation":{"x":0.06344345957040787,"y":0.7185877561569214,"z":-0.06618693470954895,"w":0.6894042491912842},"size":1.783973217010498,"orthographic":false}