{"cameraMode":{"drawMode":0,"name":"Shaded","section":"Shading Mode"},"sceneLighting":false,"audioPlay":false,"sceneViewState":{"showFog":true,"showMaterialUpdate":true,"showSkybox":false,"showFlares":true,"showImageEffects":true,"showParticleSystems":true},"in2DMode":false,"pivot":{"x":-5.458554744720459,"y":5.591855049133301,"z":-17.122486114501954},"rotation":{"x":0.015622039325535298,"y":0.8315615653991699,"z":0.023462163284420968,"w":-0.5547680258750916},"size":0.7809857130050659,"orthographic":false}