{"cameraMode":{"drawMode":0,"name":"Shaded","section":"Shading Mode"},"sceneLighting":false,"audioPlay":false,"sceneViewState":{"showFog":true,"showMaterialUpdate":true,"showSkybox":false,"showFlares":true,"showImageEffects":true,"showParticleSystems":true},"in2DMode":false,"pivot":{"x":0.0,"y":0.44602343440055849,"z":-0.08728200197219849},"rotation":{"x":0.21965812146663667,"y":0.6737544536590576,"z":-0.22093144059181214,"w":0.6701117157936096},"size":1.3987797498703004,"orthographic":false}