{"cameraMode":{"drawMode":0,"name":"Shaded","section":"Shading Mode"},"sceneLighting":false,"audioPlay":false,"sceneViewState":{"showFog":true,"showMaterialUpdate":false,"showSkybox":false,"showFlares":true,"showImageEffects":true,"showParticleSystems":true},"in2DMode":false,"pivot":{"x":1.5884428024291993,"y":0.9775478839874268,"z":0.7162700891494751},"rotation":{"x":0.20987100899219514,"y":0.6846259832382202,"z":-0.21652211248874665,"w":0.6635962128639221},"size":8.374627113342286,"orthographic":false}