{"cameraMode":{"drawMode":0,"name":"Shaded","section":"Shading Mode"},"sceneLighting":true,"audioPlay":false,"sceneViewState":{"showFog":true,"showMaterialUpdate":true,"showSkybox":true,"showFlares":true,"showImageEffects":true,"showParticleSystems":true},"in2DMode":false,"pivot":{"x":-0.12401938438415528,"y":-0.18139266967773438,"z":-2.073763608932495},"rotation":{"x":0.5108475089073181,"y":0.4889511466026306,"z":-0.5099309682846069,"w":0.48982998728752139},"size":13.013723373413086,"orthographic":false}