{"cameraMode":{"drawMode":0,"name":"Shaded","section":"Shading Mode"},"sceneLighting":true,"audioPlay":false,"sceneViewState":{"showFog":true,"showMaterialUpdate":true,"showSkybox":true,"showFlares":true,"showImageEffects":true,"showParticleSystems":true},"in2DMode":false,"pivot":{"x":-5.121720314025879,"y":2.7090721130371095,"z":-1.2789193391799927},"rotation":{"x":0.12077046185731888,"y":0.6894047856330872,"z":-0.1182168573141098,"w":0.7044236063957214},"size":5.71647834777832,"orthographic":false}