{"cameraMode":{"drawMode":0,"name":"Shaded","section":"Shading Mode"},"sceneLighting":false,"audioPlay":false,"sceneViewState":{"showFog":true,"showMaterialUpdate":true,"showSkybox":false,"showFlares":true,"showImageEffects":true,"showParticleSystems":true},"in2DMode":false,"pivot":{"x":-7.889715194702148,"y":4.957745552062988,"z":-22.937162399291993},"rotation":{"x":-0.00026101479306817055,"y":0.9995381236076355,"z":-0.007805646397173405,"w":-0.030324887484312059},"size":0.8072122931480408,"orthographic":false}