{"cameraMode":{"drawMode":0,"name":"Shaded","section":"Shading Mode"},"sceneLighting":true,"audioPlay":false,"sceneViewState":{"showFog":true,"showMaterialUpdate":true,"showSkybox":true,"showFlares":true,"showImageEffects":true,"showParticleSystems":true},"in2DMode":false,"pivot":{"x":-5.967771530151367,"y":5.997380256652832,"z":-18.627317428588868},"rotation":{"x":-0.41454407572746279,"y":0.03709806501865387,"z":-0.016913270577788354,"w":-0.9091403484344482},"size":2.510850667953491,"orthographic":false}