{"cameraMode":{"drawMode":0,"name":"Shaded","section":"Shading Mode"},"sceneLighting":false,"audioPlay":false,"sceneViewState":{"showFog":true,"showMaterialUpdate":true,"showSkybox":false,"showFlares":true,"showImageEffects":true,"showParticleSystems":true},"in2DMode":false,"pivot":{"x":-0.4145932197570801,"y":-0.5312827825546265,"z":0.02346324920654297},"rotation":{"x":-0.20944425463676454,"y":0.7713395357131958,"z":-0.3159885108470917,"w":-0.5112517476081848},"size":1.414214015007019,"orthographic":false}