{"cameraMode":{"drawMode":0,"name":"Shaded","section":"Shading Mode"},"sceneLighting":true,"audioPlay":false,"sceneViewState":{"showFog":true,"showMaterialUpdate":true,"showSkybox":true,"showFlares":true,"showImageEffects":true,"showParticleSystems":true},"in2DMode":false,"pivot":{"x":-8.046780586242676,"y":3.7517833709716799,"z":4.305074214935303},"rotation":{"x":0.1679873764514923,"y":0.6669036746025086,"z":-0.1581498086452484,"w":0.708564817905426},"size":4.981008529663086,"orthographic":false}