{"cameraMode":{"drawMode":0,"name":"Shaded","section":"Shading Mode"},"sceneLighting":true,"audioPlay":false,"sceneViewState":{"showFog":true,"showMaterialUpdate":true,"showSkybox":true,"showFlares":true,"showImageEffects":true,"showParticleSystems":true},"in2DMode":false,"pivot":{"x":-1.7617998123168946,"y":1.2235784530639649,"z":3.0737357139587404},"rotation":{"x":0.13827458024024964,"y":0.6932805180549622,"z":-0.13827046751976014,"w":0.6936721205711365},"size":7.271381855010986,"orthographic":false}