{"cameraMode":{"drawMode":0,"name":"Shaded","section":"Shading Mode"},"sceneLighting":false,"audioPlay":false,"sceneViewState":{"showFog":true,"showMaterialUpdate":true,"showSkybox":false,"showFlares":true,"showImageEffects":true,"showParticleSystems":true},"in2DMode":false,"pivot":{"x":0.04725289344787598,"y":-0.2603503465652466,"z":0.5462152361869812},"rotation":{"x":-0.20944425463676454,"y":0.7713395357131958,"z":-0.3159885108470917,"w":-0.5112517476081848},"size":3.814213752746582,"orthographic":false}