{"cameraMode":{"drawMode":0,"name":"Shaded","section":"Shading Mode"},"sceneLighting":false,"audioPlay":false,"sceneViewState":{"showFog":true,"showMaterialUpdate":true,"showSkybox":false,"showFlares":true,"showImageEffects":true,"showParticleSystems":true},"in2DMode":false,"pivot":{"x":-7.46950626373291,"y":5.071316719055176,"z":-22.47031593322754},"rotation":{"x":0.11848899722099304,"y":0.8643843531608582,"z":-0.24092230200767518,"w":0.42522376775741579},"size":0.8072122931480408,"orthographic":false}