{"cameraMode":{"drawMode":0,"name":"Shaded","section":"Shading Mode"},"sceneLighting":true,"audioPlay":false,"sceneViewState":{"showFog":true,"showMaterialUpdate":true,"showSkybox":true,"showFlares":true,"showImageEffects":true,"showParticleSystems":true},"in2DMode":false,"pivot":{"x":-1.8950910568237305,"y":0.9490523338317871,"z":4.0004777908325199},"rotation":{"x":0.13781751692295075,"y":0.6853135824203491,"z":-0.13454583287239076,"w":0.7023580074310303},"size":7.4504241943359379,"orthographic":false}