{"cameraMode":{"drawMode":0,"name":"Shaded","section":"Shading Mode"},"sceneLighting":true,"audioPlay":false,"sceneViewState":{"showFog":true,"showMaterialUpdate":true,"showSkybox":true,"showFlares":true,"showImageEffects":true,"showParticleSystems":true},"in2DMode":false,"pivot":{"x":-5.318600654602051,"y":3.8313961029052736,"z":3.6209559440612795},"rotation":{"x":0.15155068039894105,"y":0.6775157451629639,"z":-0.14570938050746919,"w":0.7048609256744385},"size":6.181009292602539,"orthographic":false}