{"cameraMode":{"drawMode":0,"name":"Shaded","section":"Shading Mode"},"sceneLighting":true,"audioPlay":false,"sceneViewState":{"showFog":true,"showMaterialUpdate":true,"showSkybox":true,"showFlares":true,"showImageEffects":true,"showParticleSystems":true},"in2DMode":false,"pivot":{"x":77.18522644042969,"y":6.854549407958984,"z":-16.135799407958986},"rotation":{"x":-0.12147020548582077,"y":-0.713776707649231,"z":0.1278960108757019,"w":-0.6778347492218018},"size":23.70458984375,"orthographic":false}