{"cameraMode":{"drawMode":0,"name":"Shaded","section":"Shading Mode"},"sceneLighting":true,"audioPlay":false,"sceneViewState":{"showFog":true,"showMaterialUpdate":true,"showSkybox":true,"showFlares":true,"showImageEffects":true,"showParticleSystems":true},"in2DMode":false,"pivot":{"x":-4.355437278747559,"y":6.106969833374023,"z":-17.77958869934082},"rotation":{"x":-0.2119857370853424,"y":-0.1529267281293869,"z":0.03360072523355484,"w":-0.9646708965301514},"size":2.778738260269165,"orthographic":false}