{"cameraMode":{"drawMode":0,"name":"Shaded","section":"Shading Mode"},"sceneLighting":false,"audioPlay":false,"sceneViewState":{"showFog":true,"showMaterialUpdate":true,"showSkybox":false,"showFlares":true,"showImageEffects":true,"showParticleSystems":true},"in2DMode":false,"pivot":{"x":-2.9802322387695315e-8,"y":0.0,"z":1.4901161193847657e-8},"rotation":{"x":0.2937508821487427,"y":0.5633761286735535,"z":-0.2239096760749817,"w":0.7390679121017456},"size":0.25293442606925967,"orthographic":false}