{"cameraMode":{"drawMode":0,"name":"Shaded","section":"Shading Mode"},"sceneLighting":false,"audioPlay":false,"sceneViewState":{"showFog":true,"showMaterialUpdate":true,"showSkybox":false,"showFlares":true,"showImageEffects":true,"showParticleSystems":true},"in2DMode":false,"pivot":{"x":0.9120473265647888,"y":0.9120478630065918,"z":-0.9120511412620544},"rotation":{"x":0.3148571252822876,"y":0.6264237761497498,"z":-0.3063555061817169,"w":0.6439463496208191},"size":1.5797152519226075,"orthographic":false}