{"cameraMode":{"drawMode":0,"name":"Shaded","section":"Shading Mode"},"sceneLighting":true,"audioPlay":false,"sceneViewState":{"showFog":true,"showMaterialUpdate":true,"showSkybox":true,"showFlares":true,"showImageEffects":true,"showParticleSystems":true},"in2DMode":false,"pivot":{"x":0.374314546585083,"y":-4.652966499328613,"z":-3.1532859802246095},"rotation":{"x":0.496516615152359,"y":0.5028393268585205,"z":-0.5176101326942444,"w":0.4824739396572113},"size":18.305160522460939,"orthographic":false}