{"cameraMode":{"drawMode":0,"name":"Shaded","section":"Shading Mode"},"sceneLighting":true,"audioPlay":false,"sceneViewState":{"showFog":true,"showMaterialUpdate":false,"showSkybox":true,"showFlares":true,"showImageEffects":true,"showParticleSystems":true},"in2DMode":false,"pivot":{"x":0.06683039665222168,"y":2.0268332958221437,"z":-1.08204984664917},"rotation":{"x":0.29239171743392947,"y":0.4225216507911682,"z":-0.14614181220531465,"w":0.8453549742698669},"size":10.498880386352539,"orthographic":true}